Sample ,Patient_Identity,Cohort,CD4,CD8,Ratio
P01.1,P01,Non-relapsed,2471,1207,2.047224524
P01.2,P01,Non-relapsed,338,274,1.233576642
P02,P02,Non-relapsed,981,482,2.03526971
P04,P04,Non-relapsed,4271,2466,1.731954582
P05,P05,Relapsed,1228,3077,0.399090023
P06,P06,Relapsed,287,236,1.216101695
P07,P07,Relapsed,3715,10301,0.360644598
P08,P08,Relapsed,3229,4731,0.682519552